http://2jwcnprqbugvyi6ok2h2h7u26qc6j5wxm7feh3znlh2qu3h6hjld4kyd.onion/favicon.ico	0.0000000000	1766876801168
http://s4k4ceiapwwgcm3mkb6e4diqecpo7kvdnfr5gg7sph7jjppqkvwwqtyd.onion/favicon.ico	0.0000000000	1766876806854
http://6nhmgdpnyoljh5uzr5kwlatx2u3diou4ldeommfxjz3wkhalzgjqxzqd.onion/favicon.ico	0.0000000000	1766876811118
http://iwggpyxn6qv3b2twpwtyhi2sfvgnby2albbcotcysd5f7obrlwbdbkyd.onion/favicon.ico	0.0000000000	1766876813766
http://kl4gp72mdxp3uelicjjslqnpomqfr5cbdd3wzo5klo3rjlqjtzhaymqd.onion/favicon.ico	0.0000000000	1766876815556
http://ymvhtqya23wqpez63gyc3ke4svju3mqsby2awnhd3bk2e65izt7baqad.onion/favicon.ico	0.0000000000	1766876815741
https://fonts.googleapis.com/css?family=Lato%3A300%2C400%2C700%2C900%7CMerriweather%3A400%2C700	0.0000000000	1766876816526
https://darkweblinks.com/wp-content/cache/autoptimize/autoptimize_single_4460f653e28754732a9f718d64c3894b.php?ver=1.0	0.0000000000	1766876819737
http://jhi4v5rjly75ggha26cu2eeyfhwvgbde4w6d75vepwxt2zht5sqfhuqd.onion/favicon.ico	0.0000000000	1766876820065
http://usmost4cbpesx552s2s4ti3c4nk2xgiu763vhcs3b4uc4ppp3zwnscyd.onion/favicon.ico	0.0000000000	1766876820318
https://darkweblinks.com/comments/feed/	0.0000000000	1766876822177
http://2ln3x7ru6psileh7il7jot2ufhol4o7nd54z663xonnnmmku4dgkx3ad.onion/favicon.ico	0.0000000000	1766876824366
http://wbz2lrxhw4dd7h5t2wnoczmcz5snjpym4pr7dzjmah4vi6yywn37bdyd.onion/favicon.ico	0.0000000000	1766876824672
http://wk3mtlvp2ej64nuytqm3mjrm6gpulix623abum6ewp64444oreysz7qd.onion/favicon.ico	0.0000000000	1766876824769
http://xykxv6fmblogxgmzjm5wt6akdhm4wewiarjzcngev4tupgjlyugmc7qd.onion/favicon.ico	0.0000000000	1766876825208
http://jbtb75gqlr57qurikzy2bxxjftzkmanynesmoxbzzcp7qf5t46u7ekqd.onion/favicon.ico	0.0000000000	1766876831040
http://qazkxav4zzmt5xwfw6my362jdwhzrcafz7qpd5kugfgx7z7il5lyb6ad.onion/favicon.ico	0.0000000000	1766876835350
http://3bp7szl6ehbrnitmbyxzvcm3ieu7ba2kys64oecf4g2b65mcgbafzgqd.onion/favicon.ico	0.0000000000	1766876837206
https://darkweblinks.com/wp-content/uploads/2023/03/cropped-cropped-Official-Logo-180x180.png	0.0000000000	1766876837711
http://ciadotgov4sjwlzihbbgxnqg3xiyrg7so2r2o3lt5wz5ypk4sxyjstad.onion/favicon-32x32.png?v=c3853bf09f084a8b1f66c6c2685054a1	0.0000000000	1766876838407
https://darkweblinks.com/wp-content/uploads/2023/03/cropped-cropped-Official-Logo-192x192.png	0.0000000000	1766876841139
https://darkweblinks.com/wp-json/oembed/1.0/embed?url=https%3A%2F%2Fdarkweblinks.com%2F	0.0000000000	1766876844015
http://kq4okz5kf4xosbsnvdr45uukjhbm4oameb6k6agjjsydycvflcewl4qd.onion/favicon.ico	0.0000000000	1766876846997
https://darkweblinks.com/xmlrpc.php?rsd	0.0000000000	1766876847324
https://darkweblinks.com/wp-content/cache/autoptimize/autoptimize_single_32887eaf2b2e22fd04bc29a7ea2b8b99.php?ver=6.9	0.0000000000	1766876849456
http://k6m3fagp4w4wspmdt23fldnwrmknse74gmxosswvaxf3ciasficpenad.onion/favicon.ico	0.0000000000	1766876856763
https://darkweblinks.com/wp-json/	0.0000000000	1766876857389
https://darkweblinks.com/wp-json/wp/v2/pages/1006	0.0000000000	1766876858525
https://darkweblinks.com/wp-content/cache/autoptimize/autoptimize_single_3421fa08b7bc8b9f6132b26789243e9b.php?ver=6.9	0.0000000000	1766876899253
http://ciadotgov4sjwlzihbbgxnqg3xiyrg7so2r2o3lt5wz5ypk4sxyjstad.onion/icons/icon-96x96.png?v=c3853bf09f084a8b1f66c6c2685054a1/	0.0000000000	1766876899866
https://darkweblinks.com/wp-content/cache/autoptimize/autoptimize_single_3421fa08b7bc8b9f6132b26789243e9b.php?ver=1.0	0.0000000000	1766876921944
https://darkweblinks.com/wp-content/uploads/2023/03/cropped-cropped-Official-Logo-32x32.png	0.0000000000	1766876923704
https://darkweblinks.com/feed/	0.0000000000	1766876928943
