http://6nhmgdpnyoljh5uzr5kwlatx2u3diou4ldeommfxjz3wkhalzgjqxzqd.onion/	1.0000000000	1766876799069
http://2jwcnprqbugvyi6ok2h2h7u26qc6j5wxm7feh3znlh2qu3h6hjld4kyd.onion/	1.0000000000	1766876799015
http://s4k4ceiapwwgcm3mkb6e4diqecpo7kvdnfr5gg7sph7jjppqkvwwqtyd.onion/	1.0000000000	1766876800179
http://6nhmgdpnyoljh5uzr5kwlatx2u3diou4ldeommfxjz3wkhalzgjqxzqd.onion/index.htm	1.0000000000	1766876805194
http://kl4gp72mdxp3uelicjjslqnpomqfr5cbdd3wzo5klo3rjlqjtzhaymqd.onion/	1.0000000000	1766876806478
http://ymvhtqya23wqpez63gyc3ke4svju3mqsby2awnhd3bk2e65izt7baqad.onion/	1.0000000000	1766876806652
http://2ln3x7ru6psileh7il7jot2ufhol4o7nd54z663xonnnmmku4dgkx3ad.onion/	1.0000000000	1766876808100
http://wk3mtlvp2ej64nuytqm3mjrm6gpulix623abum6ewp64444oreysz7qd.onion/	1.0000000000	1766876808226
http://danielas3rtn54uwmofdo3x2bsdifr47huasnmbgqzfrec5ubupvtpid.onion/	1.0000000000	1766876808866
http://usmost4cbpesx552s2s4ti3c4nk2xgiu763vhcs3b4uc4ppp3zwnscyd.onion/	1.0000000000	1766876808911
http://iwggpyxn6qv3b2twpwtyhi2sfvgnby2albbcotcysd5f7obrlwbdbkyd.onion/	1.0000000000	1766876809490
https://darkweblinks.com/	1.0000000000	1766876809589
http://jbtb75gqlr57qurikzy2bxxjftzkmanynesmoxbzzcp7qf5t46u7ekqd.onion/	1.0000000000	1766876810482
http://xykxv6fmblogxgmzjm5wt6akdhm4wewiarjzcngev4tupgjlyugmc7qd.onion/	1.0000000000	1766876811118
http://qazkxav4zzmt5xwfw6my362jdwhzrcafz7qpd5kugfgx7z7il5lyb6ad.onion/	1.0000000000	1766876811118
http://jhi4v5rjly75ggha26cu2eeyfhwvgbde4w6d75vepwxt2zht5sqfhuqd.onion/	1.0000000000	1766876811117
http://wbz2lrxhw4dd7h5t2wnoczmcz5snjpym4pr7dzjmah4vi6yywn37bdyd.onion/	1.0000000000	1766876811537
http://2ln3x7ru6psileh7il7jot2ufhol4o7nd54z663xonnnmmku4dgkx3ad.onion/info.php	1.0000000000	1766876812316
http://kl4gp72mdxp3uelicjjslqnpomqfr5cbdd3wzo5klo3rjlqjtzhaymqd.onion/index.php	1.0000000000	1766876813376
http://3bp7szl6ehbrnitmbyxzvcm3ieu7ba2kys64oecf4g2b65mcgbafzgqd.onion/	1.0000000000	1766876813376
http://ymvhtqya23wqpez63gyc3ke4svju3mqsby2awnhd3bk2e65izt7baqad.onion/login.php	1.0000000000	1766876813416
http://ciadotgov4sjwlzihbbgxnqg3xiyrg7so2r2o3lt5wz5ypk4sxyjstad.onion/	1.0000000000	1766876813377
https://github.com/DanWin/	1.0000000000	1766876813732
https://danwin1210.de/	1.0000000000	1766876814116
https://www.credly.com/badges/2652f763-ca8c-4e23-b0a9-939a2f27c83c	1.0000000000	1766876814333
http://kl4gp72mdxp3uelicjjslqnpomqfr5cbdd3wzo5klo3rjlqjtzhaymqd.onion/login.php	1.0000000000	1766876814667
http://ymvhtqya23wqpez63gyc3ke4svju3mqsby2awnhd3bk2e65izt7baqad.onion/register.php	1.0000000000	1766876815172
http://wk3mtlvp2ej64nuytqm3mjrm6gpulix623abum6ewp64444oreysz7qd.onion/register.php	1.0000000000	1766876815172
http://2ln3x7ru6psileh7il7jot2ufhol4o7nd54z663xonnnmmku4dgkx3ad.onion/index.php	1.0000000000	1766876815172
http://danielas3rtn54uwmofdo3x2bsdifr47huasnmbgqzfrec5ubupvtpid.onion/?lang=cs	1.0000000000	1766876815217
https://securedrop.org/	1.0000000000	1766876815836
https://superbthemes.com/	1.0000000000	1766876815938
https://gmpg.org/xfn/11	1.0000000000	1766876816083
http://usmost4cbpesx552s2s4ti3c4nk2xgiu763vhcs3b4uc4ppp3zwnscyd.onion/register.php	1.0000000000	1766876816348
http://kl4gp72mdxp3uelicjjslqnpomqfr5cbdd3wzo5klo3rjlqjtzhaymqd.onion/info.php	1.0000000000	1766876816392
https://darkweblinks.com/onion-links-in-2025-safe-access-risks-future-guide/	1.0000000000	1766876816418
https://proton.me/tor	1.0000000000	1766876816452
https://www.torproject.org/	1.0000000000	1766876816709
https://ahmia.fi/	1.0000000000	1766876816984
http://kq4okz5kf4xosbsnvdr45uukjhbm4oameb6k6agjjsydycvflcewl4qd.onion/	1.0000000000	1766876817022
https://github.com/DanWin/main-website/	1.0000000000	1766876817142
https://www.globaleaks.org/	1.0000000000	1766876817515
http://2ln3x7ru6psileh7il7jot2ufhol4o7nd54z663xonnnmmku4dgkx3ad.onion/register.php	1.0000000000	1766876817886
http://iwggpyxn6qv3b2twpwtyhi2sfvgnby2albbcotcysd5f7obrlwbdbkyd.onion/index.php	1.0000000000	1766876817894
http://ymvhtqya23wqpez63gyc3ke4svju3mqsby2awnhd3bk2e65izt7baqad.onion/index.php	1.0000000000	1766876818016
http://wk3mtlvp2ej64nuytqm3mjrm6gpulix623abum6ewp64444oreysz7qd.onion/login.php	1.0000000000	1766876818226
http://kl4gp72mdxp3uelicjjslqnpomqfr5cbdd3wzo5klo3rjlqjtzhaymqd.onion/register.php	1.0000000000	1766876818238
http://wbz2lrxhw4dd7h5t2wnoczmcz5snjpym4pr7dzjmah4vi6yywn37bdyd.onion/login.php	1.0000000000	1766876818986
http://usmost4cbpesx552s2s4ti3c4nk2xgiu763vhcs3b4uc4ppp3zwnscyd.onion/login.php	1.0000000000	1766876819638
http://jbtb75gqlr57qurikzy2bxxjftzkmanynesmoxbzzcp7qf5t46u7ekqd.onion/index.php	1.0000000000	1766876819639
http://k6m3fagp4w4wspmdt23fldnwrmknse74gmxosswvaxf3ciasficpenad.onion/	1.0000000000	1766876819870
http://wk3mtlvp2ej64nuytqm3mjrm6gpulix623abum6ewp64444oreysz7qd.onion/index.php	1.0000000000	1766876819870
http://iwggpyxn6qv3b2twpwtyhi2sfvgnby2albbcotcysd5f7obrlwbdbkyd.onion/login.php	1.0000000000	1766876820623
http://2ln3x7ru6psileh7il7jot2ufhol4o7nd54z663xonnnmmku4dgkx3ad.onion/login.php	1.0000000000	1766876820809
http://ymvhtqya23wqpez63gyc3ke4svju3mqsby2awnhd3bk2e65izt7baqad.onion/info.php	1.0000000000	1766876820910
http://qazkxav4zzmt5xwfw6my362jdwhzrcafz7qpd5kugfgx7z7il5lyb6ad.onion/info.php	1.0000000000	1766876821267
http://danielas3rtn54uwmofdo3x2bsdifr47huasnmbgqzfrec5ubupvtpid.onion/imprint.php	1.0000000000	1766876821340
http://xykxv6fmblogxgmzjm5wt6akdhm4wewiarjzcngev4tupgjlyugmc7qd.onion/info.php	1.0000000000	1766876821480
http://jbtb75gqlr57qurikzy2bxxjftzkmanynesmoxbzzcp7qf5t46u7ekqd.onion/register.php	1.0000000000	1766876823131
http://wk3mtlvp2ej64nuytqm3mjrm6gpulix623abum6ewp64444oreysz7qd.onion/info.php	1.0000000000	1766876823260
http://danielas3rtn54uwmofdo3x2bsdifr47huasnmbgqzfrec5ubupvtpid.onion/?lang=tr	1.0000000000	1766876823878
http://qazkxav4zzmt5xwfw6my362jdwhzrcafz7qpd5kugfgx7z7il5lyb6ad.onion/register.php	1.0000000000	1766876824079
http://iwggpyxn6qv3b2twpwtyhi2sfvgnby2albbcotcysd5f7obrlwbdbkyd.onion/register.php	1.0000000000	1766876824502
http://jhi4v5rjly75ggha26cu2eeyfhwvgbde4w6d75vepwxt2zht5sqfhuqd.onion/index.php	1.0000000000	1766876825179
https://www.usa.gov/	1.0000000000	1766876825258
https://www.instagram.com/cia	1.0000000000	1766876825149
https://twitter.com/cia	1.0000000000	1766876825576
https://t.me/s/securelycontactingcia	1.0000000000	1766876825682
https://www.flickr.com/ciagov	1.0000000000	1766876825882
http://usmost4cbpesx552s2s4ti3c4nk2xgiu763vhcs3b4uc4ppp3zwnscyd.onion/info.php	1.0000000000	1766876826076
https://www.youtube.com/cia	1.0000000000	1766876825991
https://www.linkedin.com/company/central-intelligence-agency	1.0000000000	1766876826388
http://jbtb75gqlr57qurikzy2bxxjftzkmanynesmoxbzzcp7qf5t46u7ekqd.onion/login.php	1.0000000000	1766876826638
http://wbz2lrxhw4dd7h5t2wnoczmcz5snjpym4pr7dzjmah4vi6yywn37bdyd.onion/index.php	1.0000000000	1766876826949
http://3bp7szl6ehbrnitmbyxzvcm3ieu7ba2kys64oecf4g2b65mcgbafzgqd.onion/info.php	1.0000000000	1766876827717
https://darkweblinks.com/best-dark-web-search-engines-2025-secure-access-to-the-dark-web/	1.0000000000	1766876827711
http://usmost4cbpesx552s2s4ti3c4nk2xgiu763vhcs3b4uc4ppp3zwnscyd.onion/index.php	1.0000000000	1766876828090
http://danielas3rtn54uwmofdo3x2bsdifr47huasnmbgqzfrec5ubupvtpid.onion/contact.php	1.0000000000	1766876828388
http://jhi4v5rjly75ggha26cu2eeyfhwvgbde4w6d75vepwxt2zht5sqfhuqd.onion/register.php	1.0000000000	1766876829013
http://qazkxav4zzmt5xwfw6my362jdwhzrcafz7qpd5kugfgx7z7il5lyb6ad.onion/index.php	1.0000000000	1766876829687
http://3bp7szl6ehbrnitmbyxzvcm3ieu7ba2kys64oecf4g2b65mcgbafzgqd.onion/index.php	1.0000000000	1766876831138
http://wbz2lrxhw4dd7h5t2wnoczmcz5snjpym4pr7dzjmah4vi6yywn37bdyd.onion/register.php	1.0000000000	1766876832408
http://jhi4v5rjly75ggha26cu2eeyfhwvgbde4w6d75vepwxt2zht5sqfhuqd.onion/login.php	1.0000000000	1766876832650
http://ciadotgov4sjwlzihbbgxnqg3xiyrg7so2r2o3lt5wz5ypk4sxyjstad.onion/resources/world-leaders/	1.0000000000	1766876833199
http://danielas3rtn54uwmofdo3x2bsdifr47huasnmbgqzfrec5ubupvtpid.onion/?lang=ru	1.0000000000	1766876833232
https://darkweblinks.com/terms-and-conditions/	1.0000000000	1766876833661
http://qazkxav4zzmt5xwfw6my362jdwhzrcafz7qpd5kugfgx7z7il5lyb6ad.onion/login.php	1.0000000000	1766876833759
http://xykxv6fmblogxgmzjm5wt6akdhm4wewiarjzcngev4tupgjlyugmc7qd.onion/login.php	1.0000000000	1766876834229
http://danielas3rtn54uwmofdo3x2bsdifr47huasnmbgqzfrec5ubupvtpid.onion/privacy.php	1.0000000000	1766876834971
https://darkweblinks.com/top-25-active-onion-links-on-the-dark-web-updated-june-2025/	1.0000000000	1766876835419
http://3bp7szl6ehbrnitmbyxzvcm3ieu7ba2kys64oecf4g2b65mcgbafzgqd.onion/register.php	1.0000000000	1766876836411
http://ciadotgov4sjwlzihbbgxnqg3xiyrg7so2r2o3lt5wz5ypk4sxyjstad.onion/about/organization/prepublication-classification-review-board/	1.0000000000	1766876836754
http://xykxv6fmblogxgmzjm5wt6akdhm4wewiarjzcngev4tupgjlyugmc7qd.onion/register.php	1.0000000000	1766876837143
http://danielas3rtn54uwmofdo3x2bsdifr47huasnmbgqzfrec5ubupvtpid.onion/tutorials/	1.0000000000	1766876837206
https://darkweblinks.com/best-dark-web-sites-in-2025-safe-onion-links-guide/	1.0000000000	1766876837687
http://danielas3rtn54uwmofdo3x2bsdifr47huasnmbgqzfrec5ubupvtpid.onion/about.php	1.0000000000	1766876838066
http://kq4okz5kf4xosbsnvdr45uukjhbm4oameb6k6agjjsydycvflcewl4qd.onion/info.php	1.0000000000	1766876840086
http://xykxv6fmblogxgmzjm5wt6akdhm4wewiarjzcngev4tupgjlyugmc7qd.onion/index.php	1.0000000000	1766876840168
http://3bp7szl6ehbrnitmbyxzvcm3ieu7ba2kys64oecf4g2b65mcgbafzgqd.onion/login.php	1.0000000000	1766876840190
http://danielas3rtn54uwmofdo3x2bsdifr47huasnmbgqzfrec5ubupvtpid.onion/?lang=zh-Hans	1.0000000000	1766876840904
https://darkweblinks.com/old-and-short-v2-onion-sites-will-stop-working/	1.0000000000	1766876841119
http://danielas3rtn54uwmofdo3x2bsdifr47huasnmbgqzfrec5ubupvtpid.onion/github-ipv6-proxy.php	1.0000000000	1766876842052
http://k6m3fagp4w4wspmdt23fldnwrmknse74gmxosswvaxf3ciasficpenad.onion/register.php	1.0000000000	1766876842830
http://kq4okz5kf4xosbsnvdr45uukjhbm4oameb6k6agjjsydycvflcewl4qd.onion/register.php	1.0000000000	1766876843121
http://danielas3rtn54uwmofdo3x2bsdifr47huasnmbgqzfrec5ubupvtpid.onion/faq.php	1.0000000000	1766876844786
http://ciadotgov4sjwlzihbbgxnqg3xiyrg7so2r2o3lt5wz5ypk4sxyjstad.onion/about/organization/equal-employment-opportunity/no-fear-act	1.0000000000	1766876845597
http://danielas3rtn54uwmofdo3x2bsdifr47huasnmbgqzfrec5ubupvtpid.onion/?lang=de	1.0000000000	1766876846354
http://kq4okz5kf4xosbsnvdr45uukjhbm4oameb6k6agjjsydycvflcewl4qd.onion/login.php	1.0000000000	1766876846394
http://k6m3fagp4w4wspmdt23fldnwrmknse74gmxosswvaxf3ciasficpenad.onion/index.php	1.0000000000	1766876847512
http://kq4okz5kf4xosbsnvdr45uukjhbm4oameb6k6agjjsydycvflcewl4qd.onion/index.php	1.0000000000	1766876848035
http://danielas3rtn54uwmofdo3x2bsdifr47huasnmbgqzfrec5ubupvtpid.onion/blog/	1.0000000000	1766876848861
http://k6m3fagp4w4wspmdt23fldnwrmknse74gmxosswvaxf3ciasficpenad.onion/info.php	1.0000000000	1766876849359
http://k6m3fagp4w4wspmdt23fldnwrmknse74gmxosswvaxf3ciasficpenad.onion/login.php	1.0000000000	1766876849860
http://ciadotgov4sjwlzihbbgxnqg3xiyrg7so2r2o3lt5wz5ypk4sxyjstad.onion/podcast/the-langley-files	1.0000000000	1766876853466
http://danielas3rtn54uwmofdo3x2bsdifr47huasnmbgqzfrec5ubupvtpid.onion/?lang=pt-BR	1.0000000000	1766876854293
https://darkweblinks.com/how-to-visit-the-top-dark-web-sites-in-2025/	1.0000000000	1766876856038
http://ciadotgov4sjwlzihbbgxnqg3xiyrg7so2r2o3lt5wz5ypk4sxyjstad.onion/ehl/	1.0000000000	1766876856373
http://danielas3rtn54uwmofdo3x2bsdifr47huasnmbgqzfrec5ubupvtpid.onion/?lang=uk	1.0000000000	1766876857549
http://ciadotgov4sjwlzihbbgxnqg3xiyrg7so2r2o3lt5wz5ypk4sxyjstad.onion/tech/	1.0000000000	1766876865064
http://ciadotgov4sjwlzihbbgxnqg3xiyrg7so2r2o3lt5wz5ypk4sxyjstad.onion/site-policies	1.0000000000	1766876873494
https://darkweblinks.com/dark-web-mistakes-to-avoid-2025/	1.0000000000	1766876874780
http://ciadotgov4sjwlzihbbgxnqg3xiyrg7so2r2o3lt5wz5ypk4sxyjstad.onion/careers/working-at-cia/accessibility/	1.0000000000	1766876882263
https://darkweblinks.com/secure-onion-sites-2025/	1.0000000000	1766876883527
https://darkweblinks.com/privacy-policy/	1.0000000000	1766876893838
http://ciadotgov4sjwlzihbbgxnqg3xiyrg7so2r2o3lt5wz5ypk4sxyjstad.onion/about/organization/	1.0000000000	1766876898868
https://darkweblinks.com/the-dark-web-in-2025-popular-darknet-sites/	1.0000000000	1766876900815
https://darkweblinks.com/blog-articles/	1.0000000000	1766876921841
http://ciadotgov4sjwlzihbbgxnqg3xiyrg7so2r2o3lt5wz5ypk4sxyjstad.onion/stories/story/air-america-anything-anytime-anywhere-professionally/	1.0000000000	1766876922564
https://darkweblinks.com/dark-web-links-a-safe-and-modern-overview-2025-edition/	1.0000000000	1766876922898
https://darkweblinks.com/dark-web-statistics-trends-2025-data-insights/	1.0000000000	1766876923680
https://darkweblinks.com/dark-web-links-a-big-explanation-you-should-know-about-it/	1.0000000000	1766876924661
https://darkweblinks.com/the-hidden-wiki-in-2025-real-link-or-dangerous-clone/	1.0000000000	1766876925612
https://darkweblinks.com/would-you-get-malware-by-visiting-a-dark-web-website/	1.0000000000	1766876926557
https://darkweblinks.com/dark-web-links-where-to-get-real-links-how-to-use-them/	1.0000000000	1766876927507
http://ciadotgov4sjwlzihbbgxnqg3xiyrg7so2r2o3lt5wz5ypk4sxyjstad.onion/sitemap	1.0000000000	1766876932714
http://ciadotgov4sjwlzihbbgxnqg3xiyrg7so2r2o3lt5wz5ypk4sxyjstad.onion/stories/press-releases-and-statements/	1.0000000000	1766876938713
http://ciadotgov4sjwlzihbbgxnqg3xiyrg7so2r2o3lt5wz5ypk4sxyjstad.onion/readingroom/	1.0000000000	1766876940351
http://ciadotgov4sjwlzihbbgxnqg3xiyrg7so2r2o3lt5wz5ypk4sxyjstad.onion/partner-with-cia/	1.0000000000	1766876943499
http://ciadotgov4sjwlzihbbgxnqg3xiyrg7so2r2o3lt5wz5ypk4sxyjstad.onion/legacy/memorial-wall/fallen/	1.0000000000	1766876948199
http://ciadotgov4sjwlzihbbgxnqg3xiyrg7so2r2o3lt5wz5ypk4sxyjstad.onion/resources/publications/	1.0000000000	1766876952367
http://ciadotgov4sjwlzihbbgxnqg3xiyrg7so2r2o3lt5wz5ypk4sxyjstad.onion/the-world-factbook/	1.0000000000	1766876976937
http://ciadotgov4sjwlzihbbgxnqg3xiyrg7so2r2o3lt5wz5ypk4sxyjstad.onion/legacy/	1.0000000000	1766876984010
http://ciadotgov4sjwlzihbbgxnqg3xiyrg7so2r2o3lt5wz5ypk4sxyjstad.onion/contact-cia	1.0000000000	1766876988087
http://ciadotgov4sjwlzihbbgxnqg3xiyrg7so2r2o3lt5wz5ypk4sxyjstad.onion/about/	1.0000000000	1766876991987
http://ciadotgov4sjwlzihbbgxnqg3xiyrg7so2r2o3lt5wz5ypk4sxyjstad.onion/privacy_policy/	1.0000000000	1766876996858
http://ciadotgov4sjwlzihbbgxnqg3xiyrg7so2r2o3lt5wz5ypk4sxyjstad.onion/careers/working-at-cia/benefits/	1.0000000000	1766877001539
http://ciadotgov4sjwlzihbbgxnqg3xiyrg7so2r2o3lt5wz5ypk4sxyjstad.onion/legacy/cia-history/cia-trailblazers/	1.0000000000	1766877009602
http://ciadotgov4sjwlzihbbgxnqg3xiyrg7so2r2o3lt5wz5ypk4sxyjstad.onion/careers/	1.0000000000	1766877016221
http://ciadotgov4sjwlzihbbgxnqg3xiyrg7so2r2o3lt5wz5ypk4sxyjstad.onion/resources/	1.0000000000	1766877022462
