1766876772809	299.00000	http://2jwcnprqbugvyi6ok2h2h7u26qc6j5wxm7feh3znlh2qu3h6hjld4kyd.onion/
1766876772811	299.00000	http://zqktlwiuavvvqqt4ybvgvi7tyo4hjl5xgfuvpdf6otjiycgwqbym2qad.onion/wiki/index.php/Main_Page
1766876772812	299.00000	http://s4k4ceiapwwgcm3mkb6e4diqecpo7kvdnfr5gg7sph7jjppqkvwwqtyd.onion/
1766876772813	299.00000	http://jgwe5cjqdbyvudjqskaajbfibfewew4pndx52dye7ug3mt3jimmktkid.onion/
1766876772814	299.00000	http://6nhmgdpnyoljh5uzr5kwlatx2u3diou4ldeommfxjz3wkhalzgjqxzqd.onion/
1766876800695	199.00000	http://jbtb75gqlr57qurikzy2bxxjftzkmanynesmoxbzzcp7qf5t46u7ekqd.onion/
1766876800696	159.00000	http://zgeajoabenj2nac6k5cei5qy62iu5yun5gm2vjnxy65r3p3amzykwxqd.onion/
1766876800697	169.00000	http://ciadotgov4sjwlzihbbgxnqg3xiyrg7so2r2o3lt5wz5ypk4sxyjstad.onion/
1766876800697	165.00000	http://lainwir3s4y5r7mqm3kurzpljyf77vty2hrrfkps6wm4nnnqzest4lqd.onion/
1766876800697	177.00000	http://ymvhtqya23wqpez63gyc3ke4svju3mqsby2awnhd3bk2e65izt7baqad.onion/
1766876800698	154.00000	http://2jwcnprqbugvyi6ok2h2h7u26qc6j5wxm7feh3znlh2qu3h6hjld4kyd.onion/favicon.ico
1766876800699	172.00000	http://xykxv6fmblogxgmzjm5wt6akdhm4wewiarjzcngev4tupgjlyugmc7qd.onion/
1766876800699	158.00000	http://danielas3rtn54uwmofdo3x2bsdifr47huasnmbgqzfrec5ubupvtpid.onion/
1766876800700	190.00000	http://wbz2lrxhw4dd7h5t2wnoczmcz5snjpym4pr7dzjmah4vi6yywn37bdyd.onion/
1766876800701	179.00000	http://wnrgozz3bmm33em4aln3lrbewf3ikxj7fwglqgla2tpdji4znjp7viqd.onion/
1766876800701	133.00000	http://wk3mtlvp2ej64nuytqm3mjrm6gpulix623abum6ewp64444oreysz7qd.onion/
1766876800702	164.00000	http://2ln3x7ru6psileh7il7jot2ufhol4o7nd54z663xonnnmmku4dgkx3ad.onion/
1766876800702	127.00000	http://vhlehwexxmbnvecbmsk4ormttdvhlhbnyabai4cithvizzaduf3gmayd.onion/
1766876800703	161.00000	http://7mejofwihleuugda5kfnr7tupvfbaqntjqnfxc4hwmozlcmj2cey3hqd.onion/
1766876800703	174.00000	http://kq4okz5kf4xosbsnvdr45uukjhbm4oameb6k6agjjsydycvflcewl4qd.onion/
1766876800704	169.00000	http://k6m3fagp4w4wspmdt23fldnwrmknse74gmxosswvaxf3ciasficpenad.onion/
1766876800705	107.00000	http://sik5nlgfc5qylnnsr57qrbm64zbdx6t4lreyhpon3ychmxmiem7tioad.onion/
1766876800705	165.00000	http://spywaredrcdg5krvjnukp3vbdwiqcv3zwbrcg6qh27kiwecm4qyfphid.onion/
1766876800706	126.00000	http://3bp7szl6ehbrnitmbyxzvcm3ieu7ba2kys64oecf4g2b65mcgbafzgqd.onion/
1766876800706	134.00000	http://sidignlwz2odjhgcfhbueinmr23v5bubq2x43dskcebh5sbd2qrxtkid.onion/
1766876800707	121.00000	http://cct5wy6mzgmft24xzw6zeaf55aaqmo6324gjlsghdhbiw5gdaaf4pkad.onion/
1766876800707	141.00000	http://s57divisqlcjtsyutxjz2ww77vlbwpxgodtijcsrgsuts4js5hnxkhqd.onion/
1766876800708	162.00000	http://rxmyl3izgquew65nicavsk6loyyblztng6puq42firpvbe32sefvnbad.onion/
1766876800708	148.00000	http://rfyb5tlhiqtiavwhikdlvb3fumxgqwtg2naanxtiqibidqlox5vispqd.onion/
1766876800709	138.00000	http://qazkxav4zzmt5xwfw6my362jdwhzrcafz7qpd5kugfgx7z7il5lyb6ad.onion/
1766876800709	165.00000	http://picochanwvqfa2xsrfzlul4x4aqtog2eljll5qnj5iagpbhx2vmfqnid.onion/
1766876800709	143.00000	http://gd5x24pjoan2pddc2fs6jlmnqbawq562d2qyk6ym4peu5ihzy6gd4jad.onion/
1766876800710	121.00000	http://enxx3byspwsdo446jujc52ucy2pf5urdbhqw3kbsfhlfjwmbpj5smdad.onion/
1766876800711	136.00000	http://p2qzxkca42e3wccvqgby7jrcbzlf6g7pnkvybnau4szl5ykdydzmvbid.onion/
1766876800711	150.00000	http://ovai7wvp4yj6jl3wbzihypbq657vpape7lggrlah4pl34utwjrpetwid.onion/
1766876800711	147.00000	http://eludemailxhnqzfmxehy3bk5guyhlxbunfyhkcksv4gvx6d3wcf6smad.onion/
1766876800712	140.00000	http://archivebyd3rzt3ehjpm4c3bjkyxv3hjleiytnvxcn7x32psn2kxcuid.onion/
1766876800712	137.00000	http://odahix2ysdtqp4lgak4h2rsnd35dmkdx3ndzjbdhk3jiviqkljfjmnqd.onion/
1766876800712	142.00000	http://nv3x2jozywh63fkohn5mwp2d73vasusjixn3im3ueof52fmbjsigw6ad.onion/
1766876800713	128.00000	http://nanochanqzaytwlydykbg5nxkgyjxk3zsrctxuoxdmbx5jbh2ydyprid.onion/
1766876800713	113.00000	http://digdeep4orxw6psc33yxa2dgmuycj74zi6334xhxjlgppw6odvkzkiad.onion/
1766876800713	171.00000	http://lqcjo7esbfog5t4r4gyy7jurpzf6cavpfmc4vkal4k2g4ie66ao5mryd.onion/
1766876800714	160.00000	http://meynethaffeecapsvfphrcnfrx44w2nskgls2juwitibvqctk2plvhqd.onion/
1766876800714	135.00000	http://dds6qkxpwdeubwucdiaord2xgbbeyds25rbsgr73tbfpqpt4a6vjwsyd.onion/
1766876800715	133.00000	http://7sk2kov2xwx6cbc32phynrifegg6pklmzs7luwcggtzrnlsolxxuyfyd.onion/
1766876800715	103.00000	https://kcmykvkkt3umiyx4xouu3sjo6odz3rolqphy2i2bbdan33g3zrjfjgqd.onion/
1766876800716	137.00000	http://kx5thpx2olielkihfyo4jgjqfb7zx7wxr3sd4xzt26ochei4m6f7tayd.onion/
1766876800716	107.00000	http://kl4gp72mdxp3uelicjjslqnpomqfr5cbdd3wzo5klo3rjlqjtzhaymqd.onion/
1766876800716	108.00000	http://darkzzx4avcsuofgfez5zq75cqc4mprjvfqywo45dfcaxrwqg6qrlfid.onion/
1766876800717	114.00000	http://killnod2s77o3axkktdu52aqmmy4acisz2gicbhjm4xbvxa2zfftteyd.onion/
1766876800717	117.00000	http://jhi4v5rjly75ggha26cu2eeyfhwvgbde4w6d75vepwxt2zht5sqfhuqd.onion/
1766876800718	118.00000	http://usmost4cbpesx552s2s4ti3c4nk2xgiu763vhcs3b4uc4ppp3zwnscyd.onion/
1766876800718	118.00000	http://cgjzkysxa4ru5rhrtr6rafckhexbisbtxwg2fg743cjumioysmirhdad.onion/
1766876800718	195.00000	http://iwggpyxn6qv3b2twpwtyhi2sfvgnby2albbcotcysd5f7obrlwbdbkyd.onion/
1766876800742	192.00000	http://hqfld5smkr4b4xrjcco7zotvoqhuuoehjdvoin755iytmpk4sm7cbwad.onion/
1766876800744	186.00000	http://cathug2kyi4ilneggumrenayhuhsvrgn6qv2y47bgeet42iivkpynqad.onion/
1766876800745	177.00000	http://prjd5pmbug2cnfs67s3y65ods27vamswdaw2lnwf45ys3pjl55h2gwqd.onion/
1766876800745	169.00000	http://6nhmgdpnyoljh5uzr5kwlatx2u3diou4ldeommfxjz3wkhalzgjqxzqd.onion/index.htm
1766876800746	164.00000	http://g7ejphhubv5idbbu3hb3wawrs5adw7tkx7yjabnf65xtzztgg4hcsqqd.onion/
1766876800747	100.00000	http://keybase5wmilwokqirssclfnsqrjdsi7jdir5wy7y7iu3tanwmtp6oid.onion/
1766876800748	152.00000	http://bible4u2lvhacg4b3to2e2veqpwmrc2c3tjf2wuuqiz332vlwmr4xbad.onion/
1766876800748	173.00000	http://dngtk6iydmpokbyyk3irqznceft3hze6q6rasrqlz46v7pq4klxnl4yd.onion/
1766876800749	185.00000	http://n6qisfgjauj365pxccpr5vizmtb5iavqaug7m7e4ewkxuygk5iim6yyd.onion/
1766876800749	179.00000	http://45tbhx5prlejzjgn36nqaxqb6qnm73pbohuvqkpxz2zowh57bxqawkid.onion/
1766876800749	171.00000	http://answerszuvs3gg2l64e6hmnryudl5zgrmwm3vh65hzszdghblddvfiqd.onion/
1766876800750	198.00000	http://xdkriz6cn2avvcr2vks5lvvtmfojz2ohjzj4fhyuka55mvljeso2ztqd.onion/
1766876800751	181.00000	http://xf2gry25d3tyxkiu2xlvczd3q7jl6yyhtpodevjugnxia2u665asozad.onion/
1766876800751	190.00000	http://uescqfrcztbhb6tmhdlbejrjfwgtpckcoiwmwq5bfq5hhkwfioan7qad.onion/
1766876800751	199.00000	http://zsxjtsgzborzdllyp64c6pwnjz5eic76bsksbxzqefzogwcydnkjy3yd.onion/
1766876800752	105.00000	http://stormwayszuh4juycoy4kwoww5gvcu2c4tdtpkup667pdwe4qenzwayd.onion/
1766876800753	105.00000	http://sga5n7zx6qjty7uwvkxpwstyoh73shst6mx3okouv53uks7ks47msayd.onion/
1766876800755	109.00000	http://p53lf57qovyuvwsc6xnrppyply3vtqm7l6pcobkmyqsiofyeznfu5uqd.onion/
1766876800755	106.00000	http://guzjgkpodzshso2nohspxijzk5jgoaxzqioa7vzy6qdmwpz3hq4mwfid.onion/
1766876800756	113.00000	http://dhosting4xxoydyaivckq7tsmtgi4wfs3flpeyitekkmqwu4v4r46syd.onion/
1766876800756	113.00000	http://lldan5gahapx5k7iafb3s4ikijc4ni7gx5iywdflkba5y2ezyg6sjgyd.onion/
1766876800757	103.00000	http://y22arit74fqnnc2pbieq3wqqvkfub6gnlegx3cl6thclos4f7ya7rvad.onion/
1766876800757	105.00000	http://ajlu6mrc7lwulwakojrgvvtarotvkvxqosb4psxljgobjhureve4kdqd.onion/
1766876800758	196.00000	http://55niksbd22qqaedkw36qw4cpofmbxdtbwonxam7ov2ga62zqbhgty3yd.onion/
1766876800758	180.00000	http://ozmh2zkwx5cjuzopui64csb5ertcooi5vya6c2gm4e3vcvf2c2qvjiyd.onion/
1766876800759	191.00000	http://mp3fpv6xbrwka4skqliiifoizghfbjy5uyu77wwnfruwub5s4hly2oid.onion/
1766876800759	182.00000	http://t43fsf65omvf7grt46wlt2eo5jbj3hafyvbdb7jtr2biyre5v24pebad.onion/
1766876800760	105.00000	http://okayd5ljzdv4gzrtiqlhtzjbflymfny2bxc2eacej3tamu2nyka7bxad.onion/
1766876801762	195.00000	http://theendgtso35ir6ngdtyhgtjhhbbprmkzl74gt5nyeu3ocr34sfa67yd.onion/
1766876801762	176.00000	https://protonmailrmez3lotccipshtkleegetolb73fuirgj7r4o4vfu7ozyd.onion/
1766876801763	119.00000	http://4wbwa6vcpvcr3vvf4qkhppgy56urmjcj2vagu2iqgp3z656xcmfdbiqd.onion/
1766876801763	147.00000	http://lpiyu33yusoalp5kh3f4hak2so2sjjvjw5ykyvu2dulzosgvuffq6sad.onion/
1766876801766	103.00000	http://kaizushih5iec2mxohpvbt5uaapqdnbluaasa2cmsrrjtwrbx46cnaid.onion/
1766876801766	166.00000	http://www.qubesosfasa4zl44o4tws22di6kepyzfeqv3tg4e3ztknltfxqrymdad.onion/
1766876801767	137.00000	http://w27irt6ldaydjoacyovepuzlethuoypazhhbot6tljuywy52emetn7qd.onion/
1766876801767	152.00000	http://blkchairbknpn73cfjhevhla7rkp4ed5gg2knctvv7it4lioy22defid.onion/
1766876801768	167.00000	http://vww6ybal4bd7szmgncyruucpgfkqahzddi37ktceo3ah7ngmcopnpyyd.onion/
1766876801769	181.00000	http://torpastezr7464pevuvdjisbvaf4yqi4n7sgz7lkwgqwxznwy5duj4ad.onion/
1766876801769	145.00000	http://titanxsu7bfd7vlyyffilprauwngr4acbnz27ulfhyxrqutu7atyptad.onion/
1766876801769	177.00000	http://libraryfyuybp7oyidyya3ah5xvwgyx6weauoini7zyz555litmmumad.onion/
1766876801770	138.00000	http://spore64i5sofqlfz5gq2ju4msgzojjwifls7rok2cti624zyq3fcelad.onion/
1766876801770	121.00000	http://s4k4ceiapwwgcm3mkb6e4diqecpo7kvdnfr5gg7sph7jjppqkvwwqtyd.onion/favicon.ico
1766876801770	135.00000	http://privacy2zbidut4m4jyj3ksdqidzkw3uoip2vhvhbvwxbqux5xy5obyd.onion/
1766876801771	173.00000	http://6hasakffvppilxgehrswmffqurlcjjjhd76jgvaqmsg6ul25s7t3rzyd.onion/
1766876801772	162.00000	http://paavlaytlfsqyvkg3yqj7hflfg5jw2jdg2fgkza5ruf6lplwseeqtvyd.onion/
1766876801774	163.00000	http://ncidetfs7banpz2d7vpndev5somwoki5vwdpfty2k7javniujekit6ad.onion/
1766876801774	185.00000	https://5gdvpfoh6kb2iqbizb37lzk2ddzrwa47m6rpdueg2m656fovmbhoptqd.onion/
1766876801775	126.00000	http://wasabiukrxmkdgve5kynjztuovbg43uxcbcxn6y2okcrsg7gb6jdmbad.onion/
1766876801776	132.00000	http://bombsjy5lsgehdyuevxu5kt3zdw22bfqrhbanc32evab3o3j3dvc7cid.onion/
1766876801776	108.00000	http://hzwjmjimhr7bdmfv2doll4upibt5ojjmpo3pbp5ctwcg37n3hyk7qzid.onion/
1766876801776	133.00000	http://jptvwdeyknkv6oiwjtr2kxzehfnmcujl7rf7vytaikmwlvze773uiyyd.onion/
1766876801777	111.00000	http://4usoivrpy52lmc4mgn2h34cmfiltslesthr56yttv2pxudd3dapqciyd.onion/
1766876801777	115.00000	http://sonarmsng5vzwqezlvtu2iiwwdn3dxkhotftikhowpfjuzg7p3ca5eid.onion/
1766876801777	118.00000	http://reycdxyc24gf7jrnwutzdn3smmweizedy7uojsa7ols6sflwu25ijoyd.onion/
1766876801778	128.00000	http://explorerzydxu5ecjrkwceayqybizmpjjznk5izmitf2modhcusuqlid.onion/
1766876801778	178.00000	http://xjfbpuj56rdazx4iolylxplbvyft2onuerjeimlcqwaihp3s6r4xebqd.onion/
1766876801778	104.00000	https://darkweblinks.com/
1766876801778	188.00000	http://lkqx6qn7whctpdjhcoohpoyi6ahtrveuii7kq2m647ssvo5skqp7ioad.onion/
1766876801778	182.00000	http://he5dybnt7sr6cm32xt77pazmtm65flqy6irivtflruqfc5ep7eiodiad.onion/
1766876801779	187.00000	http://fwfwqtpi2ofmehzdxe3e2htqfmhwfciwivpnsztv7dvpuamhr72ktlqd.onion/
1766876801779	101.00000	http://2gzyxa5ihm7nsggfxnu52rck2vv4rvmdlkiu3zzui5du4xyclen53wid.onion/
1766876801779	172.00000	http://7sk2kov2xwx6cbc32phynrifegg6pklmzs7luwcggtzrnlsolxxuyfyd.onion/en/index.html
1766876801780	158.00000	http://6nhmgdpnyoljh5uzr5kwlatx2u3diou4ldeommfxjz3wkhalzgjqxzqd.onion/favicon.ico
1766876807639	57.00000	http://kl4gp72mdxp3uelicjjslqnpomqfr5cbdd3wzo5klo3rjlqjtzhaymqd.onion/index.php
1766876808640	52.00000	http://ymvhtqya23wqpez63gyc3ke4svju3mqsby2awnhd3bk2e65izt7baqad.onion/login.php
1766876808640	46.00000	http://kl4gp72mdxp3uelicjjslqnpomqfr5cbdd3wzo5klo3rjlqjtzhaymqd.onion/login.php
1766876809641	91.00000	http://2ln3x7ru6psileh7il7jot2ufhol4o7nd54z663xonnnmmku4dgkx3ad.onion/info.php
1766876809644	91.00000	http://wk3mtlvp2ej64nuytqm3mjrm6gpulix623abum6ewp64444oreysz7qd.onion/register.php
1766876809644	12.00000	http://kl4gp72mdxp3uelicjjslqnpomqfr5cbdd3wzo5klo3rjlqjtzhaymqd.onion/favicon.ico
1766876809644	45.00000	http://ymvhtqya23wqpez63gyc3ke4svju3mqsby2awnhd3bk2e65izt7baqad.onion/register.php
1766876810645	97.00000	http://usmost4cbpesx552s2s4ti3c4nk2xgiu763vhcs3b4uc4ppp3zwnscyd.onion/register.php
1766876810645	76.00000	https://github.com/DanWin/
1766876810646	76.00000	http://iwggpyxn6qv3b2twpwtyhi2sfvgnby2albbcotcysd5f7obrlwbdbkyd.onion/favicon.ico
1766876810646	37.00000	https://danwin1210.de/
1766876810646	86.00000	http://danielas3rtn54uwmofdo3x2bsdifr47huasnmbgqzfrec5ubupvtpid.onion/?lang=cs
1766876810646	80.00000	https://www.credly.com/badges/2652f763-ca8c-4e23-b0a9-939a2f27c83c
1766876810646	59.00000	http://2ln3x7ru6psileh7il7jot2ufhol4o7nd54z663xonnnmmku4dgkx3ad.onion/index.php
1766876810646	35.00000	http://ymvhtqya23wqpez63gyc3ke4svju3mqsby2awnhd3bk2e65izt7baqad.onion/favicon.ico
1766876810647	9.00000	http://kl4gp72mdxp3uelicjjslqnpomqfr5cbdd3wzo5klo3rjlqjtzhaymqd.onion/info.php
1766876810647	75.00000	http://wk3mtlvp2ej64nuytqm3mjrm6gpulix623abum6ewp64444oreysz7qd.onion/login.php
1766876811647	98.00000	https://darkweblinks.com/onion-links-in-2025-safe-access-risks-future-guide/
1766876811648	72.00000	http://jbtb75gqlr57qurikzy2bxxjftzkmanynesmoxbzzcp7qf5t46u7ekqd.onion/index.php
1766876811648	28.00000	https://superbthemes.com/
1766876811648	62.00000	https://securedrop.org/
1766876811648	72.00000	https://gmpg.org/xfn/11
1766876811648	35.00000	https://proton.me/tor
1766876811649	94.00000	http://zqktlwiuavvvqqt4ybvgvi7tyo4hjl5xgfuvpdf6otjiycgwqbym2qad.onion/
1766876811649	64.00000	https://www.torproject.org/
1766876811649	15.00000	http://darkfailllnkf4vf.onion/
1766876811649	95.00000	https://ahmia.fi/
1766876811649	86.00000	https://fonts.googleapis.com/css?family=Lato%3A300%2C400%2C700%2C900%7CMerriweather%3A400%2C700
1766876811650	93.00000	https://www.globaleaks.org/
1766876811650	83.00000	http://usmost4cbpesx552s2s4ti3c4nk2xgiu763vhcs3b4uc4ppp3zwnscyd.onion/login.php
1766876811650	70.00000	https://github.com/DanWin/main-website/
1766876811651	80.00000	http://danielas3rtn54uwmofdo3x2bsdifr47huasnmbgqzfrec5ubupvtpid.onion/mail/
1766876811651	17.00000	http://2ln3x7ru6psileh7il7jot2ufhol4o7nd54z663xonnnmmku4dgkx3ad.onion/register.php
1766876811651	57.00000	http://iwggpyxn6qv3b2twpwtyhi2sfvgnby2albbcotcysd5f7obrlwbdbkyd.onion/index.php
1766876811651	28.00000	http://ymvhtqya23wqpez63gyc3ke4svju3mqsby2awnhd3bk2e65izt7baqad.onion/index.php
1766876811651	56.00000	http://wk3mtlvp2ej64nuytqm3mjrm6gpulix623abum6ewp64444oreysz7qd.onion/index.php
1766876811651	7.00000	http://kl4gp72mdxp3uelicjjslqnpomqfr5cbdd3wzo5klo3rjlqjtzhaymqd.onion/register.php
1766876812652	94.00000	http://xykxv6fmblogxgmzjm5wt6akdhm4wewiarjzcngev4tupgjlyugmc7qd.onion/info.php
1766876812653	92.00000	http://qazkxav4zzmt5xwfw6my362jdwhzrcafz7qpd5kugfgx7z7il5lyb6ad.onion/info.php
1766876812653	86.00000	http://wbz2lrxhw4dd7h5t2wnoczmcz5snjpym4pr7dzjmah4vi6yywn37bdyd.onion/login.php
1766876812653	80.00000	http://jhi4v5rjly75ggha26cu2eeyfhwvgbde4w6d75vepwxt2zht5sqfhuqd.onion/favicon.ico
1766876812653	96.00000	https://darkweblinks.com/wp-content/cache/autoptimize/autoptimize_single_4460f653e28754732a9f718d64c3894b.php?ver=1.0
1766876812653	44.00000	http://jbtb75gqlr57qurikzy2bxxjftzkmanynesmoxbzzcp7qf5t46u7ekqd.onion/register.php
1766876812654	36.00000	https://fonts.googleapis.com/
1766876812654	50.00000	http://usmost4cbpesx552s2s4ti3c4nk2xgiu763vhcs3b4uc4ppp3zwnscyd.onion/favicon.ico
1766876812654	12.00000	http://ymvhtqya23wqpez63gyc3ke4svju3mqsby2awnhd3bk2e65izt7baqad.onion/info.php
1766876812654	33.00000	http://wk3mtlvp2ej64nuytqm3mjrm6gpulix623abum6ewp64444oreysz7qd.onion/info.php
1766876812654	50.00000	http://iwggpyxn6qv3b2twpwtyhi2sfvgnby2albbcotcysd5f7obrlwbdbkyd.onion/login.php
1766876812654	16.00000	http://2ln3x7ru6psileh7il7jot2ufhol4o7nd54z663xonnnmmku4dgkx3ad.onion/login.php
1766876812654	71.00000	http://danielas3rtn54uwmofdo3x2bsdifr47huasnmbgqzfrec5ubupvtpid.onion/imprint.php
1766876813656	91.00000	http://xykxv6fmblogxgmzjm5wt6akdhm4wewiarjzcngev4tupgjlyugmc7qd.onion/favicon.ico
1766876813656	83.00000	http://wbz2lrxhw4dd7h5t2wnoczmcz5snjpym4pr7dzjmah4vi6yywn37bdyd.onion/favicon.ico
1766876813656	82.00000	http://qazkxav4zzmt5xwfw6my362jdwhzrcafz7qpd5kugfgx7z7il5lyb6ad.onion/register.php
1766876813656	94.00000	https://darkweblinks.com/comments/feed/
1766876813656	12.00000	http://jbtb75gqlr57qurikzy2bxxjftzkmanynesmoxbzzcp7qf5t46u7ekqd.onion/login.php
1766876813656	63.00000	http://jhi4v5rjly75ggha26cu2eeyfhwvgbde4w6d75vepwxt2zht5sqfhuqd.onion/index.php
1766876813657	64.00000	http://danielas3rtn54uwmofdo3x2bsdifr47huasnmbgqzfrec5ubupvtpid.onion/?lang=tr
1766876813657	39.00000	http://usmost4cbpesx552s2s4ti3c4nk2xgiu763vhcs3b4uc4ppp3zwnscyd.onion/info.php
1766876813657	9.00000	http://2ln3x7ru6psileh7il7jot2ufhol4o7nd54z663xonnnmmku4dgkx3ad.onion/favicon.ico
1766876813657	46.00000	http://iwggpyxn6qv3b2twpwtyhi2sfvgnby2albbcotcysd5f7obrlwbdbkyd.onion/register.php
1766876813657	29.00000	http://wk3mtlvp2ej64nuytqm3mjrm6gpulix623abum6ewp64444oreysz7qd.onion/favicon.ico
1766876814658	98.00000	http://3bp7szl6ehbrnitmbyxzvcm3ieu7ba2kys64oecf4g2b65mcgbafzgqd.onion/info.php
1766876814658	95.00000	http://ciadotgov4sjwlzihbbgxnqg3xiyrg7so2r2o3lt5wz5ypk4sxyjstad.onion/resources/world-leaders/
1766876814658	79.00000	https://www.instagram.com/cia
1766876814658	54.00000	https://www.usa.gov/
1766876814659	86.00000	https://t.me/s/securelycontactingcia
1766876814659	35.00000	https://www.flickr.com/ciagov
1766876814659	35.00000	https://twitter.com/cia
1766876814659	10.00000	https://www.linkedin.com/company/central-intelligence-agency
1766876814659	11.00000	https://www.youtube.com/cia
1766876814659	90.00000	http://xykxv6fmblogxgmzjm5wt6akdhm4wewiarjzcngev4tupgjlyugmc7qd.onion/login.php
1766876814659	61.00000	http://jhi4v5rjly75ggha26cu2eeyfhwvgbde4w6d75vepwxt2zht5sqfhuqd.onion/register.php
1766876814659	75.00000	http://wbz2lrxhw4dd7h5t2wnoczmcz5snjpym4pr7dzjmah4vi6yywn37bdyd.onion/index.php
1766876814660	92.00000	https://darkweblinks.com/best-dark-web-search-engines-2025-secure-access-to-the-dark-web/
1766876814660	4.00000	http://jbtb75gqlr57qurikzy2bxxjftzkmanynesmoxbzzcp7qf5t46u7ekqd.onion/favicon.ico
1766876814660	67.00000	http://qazkxav4zzmt5xwfw6my362jdwhzrcafz7qpd5kugfgx7z7il5lyb6ad.onion/index.php
1766876814660	63.00000	http://danielas3rtn54uwmofdo3x2bsdifr47huasnmbgqzfrec5ubupvtpid.onion/contact.php
1766876814660	36.00000	http://usmost4cbpesx552s2s4ti3c4nk2xgiu763vhcs3b4uc4ppp3zwnscyd.onion/index.php
1766876815662	57.00000	http://3bp7szl6ehbrnitmbyxzvcm3ieu7ba2kys64oecf4g2b65mcgbafzgqd.onion/index.php
1766876815662	95.00000	http://ciadotgov4sjwlzihbbgxnqg3xiyrg7so2r2o3lt5wz5ypk4sxyjstad.onion/about/organization/prepublication-classification-review-board/
1766876815662	86.00000	http://xykxv6fmblogxgmzjm5wt6akdhm4wewiarjzcngev4tupgjlyugmc7qd.onion/register.php
1766876815662	35.00000	http://jhi4v5rjly75ggha26cu2eeyfhwvgbde4w6d75vepwxt2zht5sqfhuqd.onion/login.php
1766876815663	11.00000	http://wbz2lrxhw4dd7h5t2wnoczmcz5snjpym4pr7dzjmah4vi6yywn37bdyd.onion/register.php
1766876815663	50.00000	http://qazkxav4zzmt5xwfw6my362jdwhzrcafz7qpd5kugfgx7z7il5lyb6ad.onion/login.php
1766876815663	51.00000	http://danielas3rtn54uwmofdo3x2bsdifr47huasnmbgqzfrec5ubupvtpid.onion/?lang=ru
1766876815663	88.00000	https://darkweblinks.com/terms-and-conditions/
1766876816664	1.00000	http://xykxv6fmblogxgmzjm5wt6akdhm4wewiarjzcngev4tupgjlyugmc7qd.onion/index.php
1766876816664	93.00000	http://ciadotgov4sjwlzihbbgxnqg3xiyrg7so2r2o3lt5wz5ypk4sxyjstad.onion/favicon-32x32.png?v=c3853bf09f084a8b1f66c6c2685054a1
1766876816664	51.00000	http://3bp7szl6ehbrnitmbyxzvcm3ieu7ba2kys64oecf4g2b65mcgbafzgqd.onion/register.php
1766876816665	87.00000	https://darkweblinks.com/top-25-active-onion-links-on-the-dark-web-updated-june-2025/
1766876816665	46.00000	http://danielas3rtn54uwmofdo3x2bsdifr47huasnmbgqzfrec5ubupvtpid.onion/privacy.php
1766876816665	34.00000	http://qazkxav4zzmt5xwfw6my362jdwhzrcafz7qpd5kugfgx7z7il5lyb6ad.onion/favicon.ico
1766876817666	36.00000	http://3bp7szl6ehbrnitmbyxzvcm3ieu7ba2kys64oecf4g2b65mcgbafzgqd.onion/favicon.ico
1766876817666	92.00000	http://ciadotgov4sjwlzihbbgxnqg3xiyrg7so2r2o3lt5wz5ypk4sxyjstad.onion/about/organization/equal-employment-opportunity/no-fear-act
1766876817666	46.00000	http://danielas3rtn54uwmofdo3x2bsdifr47huasnmbgqzfrec5ubupvtpid.onion/tutorials/
1766876817667	80.00000	https://darkweblinks.com/best-dark-web-sites-in-2025-safe-onion-links-guide/
1766876818667	72.00000	http://kq4okz5kf4xosbsnvdr45uukjhbm4oameb6k6agjjsydycvflcewl4qd.onion/info.php
1766876818668	2.00000	http://3bp7szl6ehbrnitmbyxzvcm3ieu7ba2kys64oecf4g2b65mcgbafzgqd.onion/login.php
1766876818668	39.00000	http://danielas3rtn54uwmofdo3x2bsdifr47huasnmbgqzfrec5ubupvtpid.onion/about.php
1766876818668	79.00000	https://darkweblinks.com/wp-content/uploads/2023/03/cropped-cropped-Official-Logo-180x180.png
1766876818668	90.00000	http://ciadotgov4sjwlzihbbgxnqg3xiyrg7so2r2o3lt5wz5ypk4sxyjstad.onion/podcast/the-langley-files
1766876819669	69.00000	http://kq4okz5kf4xosbsnvdr45uukjhbm4oameb6k6agjjsydycvflcewl4qd.onion/register.php
1766876819669	88.00000	http://ciadotgov4sjwlzihbbgxnqg3xiyrg7so2r2o3lt5wz5ypk4sxyjstad.onion/ehl/
1766876819669	75.00000	https://darkweblinks.com/old-and-short-v2-onion-sites-will-stop-working/
1766876819670	38.00000	http://danielas3rtn54uwmofdo3x2bsdifr47huasnmbgqzfrec5ubupvtpid.onion/?lang=zh-Hans
1766876820670	74.00000	https://darkweblinks.com/wp-content/uploads/2023/03/cropped-cropped-Official-Logo-192x192.png
1766876820671	39.00000	http://kq4okz5kf4xosbsnvdr45uukjhbm4oameb6k6agjjsydycvflcewl4qd.onion/login.php
1766876820671	88.00000	http://ciadotgov4sjwlzihbbgxnqg3xiyrg7so2r2o3lt5wz5ypk4sxyjstad.onion/tech/
1766876820671	29.00000	http://danielas3rtn54uwmofdo3x2bsdifr47huasnmbgqzfrec5ubupvtpid.onion/github-ipv6-proxy.php
1766876821672	96.00000	http://k6m3fagp4w4wspmdt23fldnwrmknse74gmxosswvaxf3ciasficpenad.onion/register.php
1766876821672	71.00000	https://darkweblinks.com/wp-json/oembed/1.0/embed?url=https%3A%2F%2Fdarkweblinks.com%2F
1766876821672	26.00000	http://kq4okz5kf4xosbsnvdr45uukjhbm4oameb6k6agjjsydycvflcewl4qd.onion/favicon.ico
1766876821672	26.00000	http://danielas3rtn54uwmofdo3x2bsdifr47huasnmbgqzfrec5ubupvtpid.onion/faq.php
1766876821672	87.00000	http://ciadotgov4sjwlzihbbgxnqg3xiyrg7so2r2o3lt5wz5ypk4sxyjstad.onion/site-policies
1766876822673	19.00000	http://danielas3rtn54uwmofdo3x2bsdifr47huasnmbgqzfrec5ubupvtpid.onion/?lang=de
1766876822673	86.00000	http://ciadotgov4sjwlzihbbgxnqg3xiyrg7so2r2o3lt5wz5ypk4sxyjstad.onion/careers/working-at-cia/accessibility/
1766876822674	70.00000	https://darkweblinks.com/xmlrpc.php?rsd
1766876822674	79.00000	http://k6m3fagp4w4wspmdt23fldnwrmknse74gmxosswvaxf3ciasficpenad.onion/index.php
1766876822674	7.00000	http://kq4okz5kf4xosbsnvdr45uukjhbm4oameb6k6agjjsydycvflcewl4qd.onion/index.php
1766876823675	86.00000	http://ciadotgov4sjwlzihbbgxnqg3xiyrg7so2r2o3lt5wz5ypk4sxyjstad.onion/about/organization/
1766876823675	15.00000	http://danielas3rtn54uwmofdo3x2bsdifr47huasnmbgqzfrec5ubupvtpid.onion/blog/
1766876823675	50.00000	http://k6m3fagp4w4wspmdt23fldnwrmknse74gmxosswvaxf3ciasficpenad.onion/info.php
1766876823676	61.00000	https://darkweblinks.com/wp-content/cache/autoptimize/autoptimize_single_32887eaf2b2e22fd04bc29a7ea2b8b99.php?ver=6.9
1766876824676	29.00000	http://k6m3fagp4w4wspmdt23fldnwrmknse74gmxosswvaxf3ciasficpenad.onion/login.php
1766876824677	84.00000	http://ciadotgov4sjwlzihbbgxnqg3xiyrg7so2r2o3lt5wz5ypk4sxyjstad.onion/icons/icon-96x96.png?v=c3853bf09f084a8b1f66c6c2685054a1/
1766876824677	12.00000	http://danielas3rtn54uwmofdo3x2bsdifr47huasnmbgqzfrec5ubupvtpid.onion/?lang=pt-BR
1766876824677	60.00000	https://darkweblinks.com/how-to-visit-the-top-dark-web-sites-in-2025/
1766876825678	10.00000	http://k6m3fagp4w4wspmdt23fldnwrmknse74gmxosswvaxf3ciasficpenad.onion/favicon.ico
1766876825678	57.00000	https://darkweblinks.com/wp-json/
1766876825679	7.00000	http://danielas3rtn54uwmofdo3x2bsdifr47huasnmbgqzfrec5ubupvtpid.onion/?lang=uk
1766876825679	84.00000	http://ciadotgov4sjwlzihbbgxnqg3xiyrg7so2r2o3lt5wz5ypk4sxyjstad.onion/stories/story/air-america-anything-anytime-anywhere-professionally/
1766876826680	55.00000	https://darkweblinks.com/wp-json/wp/v2/pages/1006
1766876826680	82.00000	http://ciadotgov4sjwlzihbbgxnqg3xiyrg7so2r2o3lt5wz5ypk4sxyjstad.onion/icons/icon-512x512.png?v=c3853bf09f084a8b1f66c6c2685054a1/
1766876827681	50.00000	https://darkweblinks.com/dark-web-sites/
1766876827681	82.00000	http://ciadotgov4sjwlzihbbgxnqg3xiyrg7so2r2o3lt5wz5ypk4sxyjstad.onion/careers
1766876828683	50.00000	https://darkweblinks.com/dark-web-mistakes-to-avoid-2025/
1766876828683	81.00000	http://ciadotgov4sjwlzihbbgxnqg3xiyrg7so2r2o3lt5wz5ypk4sxyjstad.onion/report-information
1766876829684	46.00000	https://darkweblinks.com/secure-onion-sites-2025/
1766876829685	79.00000	http://ciadotgov4sjwlzihbbgxnqg3xiyrg7so2r2o3lt5wz5ypk4sxyjstad.onion/resources/cia-maps/
1766876830686	46.00000	https://darkweblinks.com/privacy-policy/
1766876830687	77.00000	http://ciadotgov4sjwlzihbbgxnqg3xiyrg7so2r2o3lt5wz5ypk4sxyjstad.onion/legacy/memorial-wall/fallen/
1766876831688	41.00000	https://darkweblinks.com/wp-content/cache/autoptimize/autoptimize_single_3421fa08b7bc8b9f6132b26789243e9b.php?ver=6.9
1766876831688	76.00000	http://ciadotgov4sjwlzihbbgxnqg3xiyrg7so2r2o3lt5wz5ypk4sxyjstad.onion/resources/publications/
1766876832690	39.00000	https://darkweblinks.com/the-dark-web-in-2025-popular-darknet-sites/
1766876832690	69.00000	http://ciadotgov4sjwlzihbbgxnqg3xiyrg7so2r2o3lt5wz5ypk4sxyjstad.onion/the-world-factbook/
1766876833691	38.00000	https://darkweblinks.com/blog-articles/
1766876833691	66.00000	http://ciadotgov4sjwlzihbbgxnqg3xiyrg7so2r2o3lt5wz5ypk4sxyjstad.onion/legacy/
1766876835549	28.00000	https://darkweblinks.com/wp-content/cache/autoptimize/autoptimize_single_3421fa08b7bc8b9f6132b26789243e9b.php?ver=1.0
1766876835550	65.00000	http://ciadotgov4sjwlzihbbgxnqg3xiyrg7so2r2o3lt5wz5ypk4sxyjstad.onion/contact-cia
1766876836550	28.00000	https://darkweblinks.com/dark-web-links-a-safe-and-modern-overview-2025-edition/
1766876836551	64.00000	http://ciadotgov4sjwlzihbbgxnqg3xiyrg7so2r2o3lt5wz5ypk4sxyjstad.onion/about/
1766876837551	27.00000	https://darkweblinks.com/dark-web-statistics-trends-2025-data-insights/
1766876837552	61.00000	http://ciadotgov4sjwlzihbbgxnqg3xiyrg7so2r2o3lt5wz5ypk4sxyjstad.onion/stories/speeches-and-transcripts/
1766876838552	24.00000	https://darkweblinks.com/wp-content/uploads/2023/03/cropped-cropped-Official-Logo-32x32.png
1766876838553	56.00000	http://ciadotgov4sjwlzihbbgxnqg3xiyrg7so2r2o3lt5wz5ypk4sxyjstad.onion/legacy/headquarters/
1766876839554	17.00000	https://darkweblinks.com/dark-web-links-a-big-explanation-you-should-know-about-it/
1766876839554	55.00000	http://ciadotgov4sjwlzihbbgxnqg3xiyrg7so2r2o3lt5wz5ypk4sxyjstad.onion/careers/accommodations/
1766876840555	10.00000	https://darkweblinks.com/the-hidden-wiki-in-2025-real-link-or-dangerous-clone/
1766876840555	54.00000	http://ciadotgov4sjwlzihbbgxnqg3xiyrg7so2r2o3lt5wz5ypk4sxyjstad.onion/sitemap/sitemap-index.xml/
1766876841556	10.00000	https://darkweblinks.com/would-you-get-malware-by-visiting-a-dark-web-website/
1766876841556	50.00000	http://ciadotgov4sjwlzihbbgxnqg3xiyrg7so2r2o3lt5wz5ypk4sxyjstad.onion/sitemap
1766876842557	7.00000	https://darkweblinks.com/dark-web-links-where-to-get-real-links-how-to-use-them/
1766876842557	48.00000	http://ciadotgov4sjwlzihbbgxnqg3xiyrg7so2r2o3lt5wz5ypk4sxyjstad.onion/legacy/museum/
1766876843558	7.00000	https://darkweblinks.com/feed/
1766876843558	47.00000	http://ciadotgov4sjwlzihbbgxnqg3xiyrg7so2r2o3lt5wz5ypk4sxyjstad.onion/partner-with-cia/
1766876844559	46.00000	http://ciadotgov4sjwlzihbbgxnqg3xiyrg7so2r2o3lt5wz5ypk4sxyjstad.onion/the-world-factbook
1766876845561	46.00000	http://ciadotgov4sjwlzihbbgxnqg3xiyrg7so2r2o3lt5wz5ypk4sxyjstad.onion/search
1766876846563	45.00000	http://ciadotgov4sjwlzihbbgxnqg3xiyrg7so2r2o3lt5wz5ypk4sxyjstad.onion/icons/icon-48x48.png?v=c3853bf09f084a8b1f66c6c2685054a1/
1766876847564	45.00000	http://ciadotgov4sjwlzihbbgxnqg3xiyrg7so2r2o3lt5wz5ypk4sxyjstad.onion/careers/working-at-cia/veterans/
1766876848566	43.00000	http://ciadotgov4sjwlzihbbgxnqg3xiyrg7so2r2o3lt5wz5ypk4sxyjstad.onion/icons/icon-192x192.png?v=c3853bf09f084a8b1f66c6c2685054a1/
1766876849567	42.00000	http://ciadotgov4sjwlzihbbgxnqg3xiyrg7so2r2o3lt5wz5ypk4sxyjstad.onion/about/director-of-cia/
1766876850570	39.00000	http://ciadotgov4sjwlzihbbgxnqg3xiyrg7so2r2o3lt5wz5ypk4sxyjstad.onion/stories/story/oss-tales-a-christmas-carol/
1766876851572	38.00000	http://ciadotgov4sjwlzihbbgxnqg3xiyrg7so2r2o3lt5wz5ypk4sxyjstad.onion/icons/icon-72x72.png?v=c3853bf09f084a8b1f66c6c2685054a1/
1766876852573	37.00000	http://ciadotgov4sjwlzihbbgxnqg3xiyrg7so2r2o3lt5wz5ypk4sxyjstad.onion/legacy/cia-history/
1766876853575	35.00000	http://ciadotgov4sjwlzihbbgxnqg3xiyrg7so2r2o3lt5wz5ypk4sxyjstad.onion/stories/
1766876854576	35.00000	http://ciadotgov4sjwlzihbbgxnqg3xiyrg7so2r2o3lt5wz5ypk4sxyjstad.onion/about/organization/privacy-and-civil-liberties/
1766876855578	35.00000	http://ciadotgov4sjwlzihbbgxnqg3xiyrg7so2r2o3lt5wz5ypk4sxyjstad.onion/manifest.webmanifest
1766876856580	35.00000	http://ciadotgov4sjwlzihbbgxnqg3xiyrg7so2r2o3lt5wz5ypk4sxyjstad.onion/about/organization/privacy-and-civil-liberties
1766876857581	34.00000	http://ciadotgov4sjwlzihbbgxnqg3xiyrg7so2r2o3lt5wz5ypk4sxyjstad.onion/icons/icon-384x384.png?v=c3853bf09f084a8b1f66c6c2685054a1/
1766876858583	33.00000	http://ciadotgov4sjwlzihbbgxnqg3xiyrg7so2r2o3lt5wz5ypk4sxyjstad.onion/about/organization/equal-employment-opportunity/elijah-cummings-act
1766876859585	33.00000	http://ciadotgov4sjwlzihbbgxnqg3xiyrg7so2r2o3lt5wz5ypk4sxyjstad.onion/about/organization/inspector-general
1766876860588	31.00000	http://ciadotgov4sjwlzihbbgxnqg3xiyrg7so2r2o3lt5wz5ypk4sxyjstad.onion/spy-kids/
1766876861593	29.00000	http://ciadotgov4sjwlzihbbgxnqg3xiyrg7so2r2o3lt5wz5ypk4sxyjstad.onion/icons/icon-144x144.png?v=c3853bf09f084a8b1f66c6c2685054a1/
1766876862596	26.00000	http://ciadotgov4sjwlzihbbgxnqg3xiyrg7so2r2o3lt5wz5ypk4sxyjstad.onion/resources/reports/
1766876863597	23.00000	http://ciadotgov4sjwlzihbbgxnqg3xiyrg7so2r2o3lt5wz5ypk4sxyjstad.onion/resources/
1766876865453	22.00000	http://ciadotgov4sjwlzihbbgxnqg3xiyrg7so2r2o3lt5wz5ypk4sxyjstad.onion/careers/student-programs/
1766876866454	21.00000	http://ciadotgov4sjwlzihbbgxnqg3xiyrg7so2r2o3lt5wz5ypk4sxyjstad.onion/careers/how-we-hire/
1766876867456	17.00000	http://ciadotgov4sjwlzihbbgxnqg3xiyrg7so2r2o3lt5wz5ypk4sxyjstad.onion/careers/working-at-cia/benefits/
1766876868457	17.00000	http://ciadotgov4sjwlzihbbgxnqg3xiyrg7so2r2o3lt5wz5ypk4sxyjstad.onion/legacy/cia-history/cia-trailblazers/
1766876869458	12.00000	http://ciadotgov4sjwlzihbbgxnqg3xiyrg7so2r2o3lt5wz5ypk4sxyjstad.onion/stories/press-releases-and-statements/
1766876870459	10.00000	http://ciadotgov4sjwlzihbbgxnqg3xiyrg7so2r2o3lt5wz5ypk4sxyjstad.onion/careers/
1766876871460	5.00000	http://ciadotgov4sjwlzihbbgxnqg3xiyrg7so2r2o3lt5wz5ypk4sxyjstad.onion/readingroom/
1766876872462	4.00000	http://ciadotgov4sjwlzihbbgxnqg3xiyrg7so2r2o3lt5wz5ypk4sxyjstad.onion/stories/story/our-men-in-havana/
1766876873463	4.00000	http://ciadotgov4sjwlzihbbgxnqg3xiyrg7so2r2o3lt5wz5ypk4sxyjstad.onion/privacy_policy/
1766876874466	2.00000	http://ciadotgov4sjwlzihbbgxnqg3xiyrg7so2r2o3lt5wz5ypk4sxyjstad.onion/icons/icon-256x256.png?v=c3853bf09f084a8b1f66c6c2685054a1/
1766876875467	2.00000	http://ciadotgov4sjwlzihbbgxnqg3xiyrg7so2r2o3lt5wz5ypk4sxyjstad.onion/resources/csi/
1766876876470	1.00000	http://ciadotgov4sjwlzihbbgxnqg3xiyrg7so2r2o3lt5wz5ypk4sxyjstad.onion/about/mission-vision/
